[
  {
    "chapterId" : 1,
    "videoId" : "1",
    "title" : "第1章 Android基础入门",
    "secondTitle" : "Android系统简介",
    "videoPath" : "/sdcard/01.mp4"
  },
  {
    "chapterId" : 1,
    "videoId" : "2",
    "title" : "第1章 Android",
    "secondTitle" : "Android",
    "videoPath" : "/sdcard/01.mp4"
  },
  {
    "chapterId" : 2,
    "videoId" : "1",
    "title" : "第2章 Android基础入门",
    "secondTitle" : "Android系统简介",
    "videoPath" : "/sdcard/01.mp4"
  },
  {
    "chapterId" : 2,
    "videoId" : "2",
    "title" : "第2章 Android",
    "secondTitle" : "Android",
    "videoPath" : "/sdcard/01.mp4"
  },
  {
    "chapterId" : 3,
    "videoId" : "1",
    "title" : "第1章 Android基础入门",
    "secondTitle" : "Android系统简介",
    "videoPath" : "/sdcard/01.mp4"
  },
  {
    "chapterId" : 4,
    "videoId" : "1",
    "title" : "第1章 Android基础入门",
    "secondTitle" : "Android系统简介",
    "videoPath" : "/sdcard/01.mp4"
  },
  {
    "chapterId" : 5,
    "videoId" : "1",
    "title" : "第1章 Android基础入门",
    "secondTitle" : "Android系统简介",
    "videoPath" : "/sdcard/01.mp4"
  },
  {
    "chapterId" : 6,
    "videoId" : "1",
    "title" : "第1章 Android基础入门",
    "secondTitle" : "Android系统简介",
    "videoPath" : "/sdcard/01.mp4"
  },
  {
    "chapterId" : 7,
    "videoId" : "1",
    "title" : "第1章 Android基础入门",
    "secondTitle" : "Android系统简介",
    "videoPath" : "/sdcard/01.mp4"
  },
  {
    "chapterId" : 8,
    "videoId" : "1",
    "title" : "第1章 Android基础入门",
    "secondTitle" : "Android系统简介",
    "videoPath" : "/sdcard/01.mp4"
  },
  {
    "chapterId" : 9,
    "videoId" : "1",
    "title" : "第1章 Android基础入门",
    "secondTitle" : "Android系统简介",
    "videoPath" : "/sdcard/01.mp4"
  },
  {
  "chapterId" : 10,
  "videoId" : "1",
  "title" : "第1章 Android基础入门",
  "secondTitle" : "Android系统简介",
  "videoPath" : "/sdcard/01.mp4"
}

]